month_end,ticker,weight,tier
2022-03-31,HDFCBANK,0.0,NEUTRAL
2022-03-31,ICICIBANK,0.1,NEUTRAL
2022-03-31,SBIN,0.1,NEUTRAL
2022-03-31,KOTAKBANK,0.1,NEUTRAL
2022-03-31,TCS,0.0,NEUTRAL
2022-03-31,INFY,0.1,LONG
2022-03-31,WIPRO,0.0,LONG
2022-03-31,TECHM,0.1,NEUTRAL
2022-03-31,RELIANCE,0.1,NEUTRAL
2022-03-31,ONGC,0.1,NEUTRAL
2022-03-31,NTPC,0.0,LONG
2022-03-31,POWERGRID,0.0,NEUTRAL
2022-03-31,ADANIGREEN,0.1,LONG
2022-03-31,MARUTI,0.0,NEUTRAL
2022-03-31,BAJAJ-AUTO,0.1,LONG
2022-03-31,CIPLA,0.0,LONG
2022-03-31,HINDUNILVR,0.0,NEUTRAL
2022-03-31,ITC,0.1,NEUTRAL
2022-04-30,HDFCBANK,0.1,NEUTRAL
2022-04-30,ICICIBANK,0.0,NEUTRAL
2022-04-30,KOTAKBANK,0.1,NEUTRAL
2022-04-30,TCS,0.0,NEUTRAL
2022-04-30,INFY,0.0,LONG
2022-04-30,WIPRO,0.0,LONG
2022-04-30,HCLTECH,0.0,NEUTRAL
2022-04-30,RELIANCE,0.1,LONG
2022-04-30,ONGC,0.1,LONG
2022-04-30,NTPC,0.0,LONG
2022-04-30,POWERGRID,0.1,NEUTRAL
2022-04-30,ADANIGREEN,0.0,NEUTRAL
2022-04-30,TATAMOTORS,0.1,NEUTRAL
2022-04-30,MARUTI,0.1,NEUTRAL
2022-04-30,SUNPHARMA,0.1,LONG
2022-04-30,DRREDDY,0.1,NEUTRAL
2022-04-30,ASIANPAINT,0.0,NEUTRAL
2022-04-30,HINDUNILVR,0.1,NEUTRAL
2022-05-31,HDFCBANK,0.0,NEUTRAL
2022-05-31,ICICIBANK,0.1,NEUTRAL
2022-05-31,AXISBANK,0.0,NEUTRAL
2022-05-31,TCS,0.0,LONG
2022-05-31,INFY,0.0,LONG
2022-05-31,WIPRO,0.0,LONG
2022-05-31,RELIANCE,0.1,LONG
2022-05-31,ONGC,0.1,NEUTRAL
2022-05-31,NTPC,0.0,LONG
2022-05-31,ADANIGREEN,0.1,LONG
2022-05-31,TATAMOTORS,0.1,NEUTRAL
2022-05-31,MARUTI,0.1,NEUTRAL
2022-05-31,M&M,0.0,NEUTRAL
2022-05-31,BAJAJ-AUTO,0.1,NEUTRAL
2022-05-31,SUNPHARMA,0.1,NEUTRAL
2022-05-31,DRREDDY,0.0,NEUTRAL
2022-05-31,CIPLA,0.1,NEUTRAL
2022-05-31,ITC,0.1,NEUTRAL
2022-06-30,HDFCBANK,0.0,NEUTRAL
2022-06-30,AXISBANK,0.0,NEUTRAL
2022-06-30,TCS,0.0,NEUTRAL
2022-06-30,INFY,0.0,NEUTRAL
2022-06-30,HCLTECH,0.1,NEUTRAL
2022-06-30,TECHM,0.1,NEUTRAL
2022-06-30,RELIANCE,0.1,LONG
2022-06-30,ONGC,0.0,NEUTRAL
2022-06-30,NTPC,0.1,LONG
2022-06-30,ADANIGREEN,0.1,LONG
2022-06-30,MARUTI,0.1,NEUTRAL
2022-06-30,M&M,0.1,NEUTRAL
2022-06-30,SUNPHARMA,0.0,LONG
2022-06-30,DRREDDY,0.1,NEUTRAL
2022-06-30,CIPLA,0.0,NEUTRAL
2022-06-30,ASIANPAINT,0.0,LONG
2022-06-30,HINDUNILVR,0.1,LONG
2022-06-30,ITC,0.1,NEUTRAL
2022-07-31,ICICIBANK,0.1,NEUTRAL
2022-07-31,TCS,0.0,NEUTRAL
2022-07-31,INFY,0.0,NEUTRAL
2022-07-31,WIPRO,0.0,LONG
2022-07-31,HCLTECH,0.0,LONG
2022-07-31,TECHM,0.0,LONG
2022-07-31,RELIANCE,0.0,NEUTRAL
2022-07-31,NTPC,0.1,LONG
2022-07-31,POWERGRID,0.1,NEUTRAL
2022-07-31,ADANIGREEN,0.1,NEUTRAL
2022-07-31,TATAMOTORS,0.1,LONG
2022-07-31,MARUTI,0.1,NEUTRAL
2022-07-31,M&M,0.1,NEUTRAL
2022-07-31,SUNPHARMA,0.0,NEUTRAL
2022-07-31,DRREDDY,0.1,NEUTRAL
2022-07-31,CIPLA,0.1,NEUTRAL
2022-07-31,ASIANPAINT,0.1,LONG
2022-07-31,ITC,0.0,NEUTRAL
2022-08-31,HDFCBANK,0.0,NEUTRAL
2022-08-31,ICICIBANK,0.0,NEUTRAL
2022-08-31,TCS,0.0,LONG
2022-08-31,INFY,0.0,LONG
2022-08-31,WIPRO,0.0,NEUTRAL
2022-08-31,HCLTECH,0.1,LONG
2022-08-31,TECHM,0.0,NEUTRAL
2022-08-31,ONGC,0.0,NEUTRAL
2022-08-31,NTPC,0.0,NEUTRAL
2022-08-31,ADANIGREEN,0.1,NEUTRAL
2022-08-31,TATAMOTORS,0.1,NEUTRAL
2022-08-31,MARUTI,0.1,NEUTRAL
2022-08-31,M&M,0.1,NEUTRAL
2022-08-31,DRREDDY,0.1,LONG
2022-08-31,CIPLA,0.1,NEUTRAL
2022-08-31,ASIANPAINT,0.1,LONG
2022-08-31,HINDUNILVR,0.1,NEUTRAL
2022-08-31,ITC,0.1,LONG
2022-09-30,ICICIBANK,0.0,NEUTRAL
2022-09-30,KOTAKBANK,0.1,NEUTRAL
2022-09-30,AXISBANK,0.0,NEUTRAL
2022-09-30,TCS,0.0,LONG
2022-09-30,INFY,0.1,NEUTRAL
2022-09-30,WIPRO,0.0,LONG
2022-09-30,HCLTECH,0.0,NEUTRAL
2022-09-30,TECHM,0.0,NEUTRAL
2022-09-30,RELIANCE,0.1,NEUTRAL
2022-09-30,POWERGRID,0.1,NEUTRAL
2022-09-30,ADANIGREEN,0.1,NEUTRAL
2022-09-30,MARUTI,0.0,NEUTRAL
2022-09-30,M&M,0.1,LONG
2022-09-30,SUNPHARMA,0.1,NEUTRAL
2022-09-30,DRREDDY,0.0,LONG
2022-09-30,ASIANPAINT,0.1,NEUTRAL
2022-09-30,HINDUNILVR,0.1,LONG
2022-09-30,ITC,0.1,LONG
2022-10-31,HDFCBANK,0.1,NEUTRAL
2022-10-31,ICICIBANK,0.0,NEUTRAL
2022-10-31,SBIN,0.0,NEUTRAL
2022-10-31,TCS,0.0,LONG
2022-10-31,TECHM,0.0,NEUTRAL
2022-10-31,RELIANCE,0.1,LONG
2022-10-31,NTPC,0.1,LONG
2022-10-31,ADANIGREEN,0.1,LONG
2022-10-31,TATAMOTORS,0.1,NEUTRAL
2022-10-31,MARUTI,0.0,NEUTRAL
2022-10-31,M&M,0.1,NEUTRAL
2022-10-31,BAJAJ-AUTO,0.0,NEUTRAL
2022-10-31,SUNPHARMA,0.0,LONG
2022-10-31,DRREDDY,0.1,NEUTRAL
2022-10-31,CIPLA,0.1,NEUTRAL
2022-10-31,ASIANPAINT,0.1,NEUTRAL
2022-10-31,HINDUNILVR,0.0,LONG
2022-10-31,ITC,0.1,NEUTRAL
2022-11-30,HDFCBANK,0.1,NEUTRAL
2022-11-30,ICICIBANK,0.1,NEUTRAL
2022-11-30,AXISBANK,0.0,NEUTRAL
2022-11-30,TCS,0.1,LONG
2022-11-30,INFY,0.0,LONG
2022-11-30,WIPRO,0.0,NEUTRAL
2022-11-30,TECHM,0.0,LONG
2022-11-30,RELIANCE,0.1,NEUTRAL
2022-11-30,NTPC,0.0,NEUTRAL
2022-11-30,ADANIGREEN,0.1,LONG
2022-11-30,TATAMOTORS,0.1,NEUTRAL
2022-11-30,M&M,0.1,NEUTRAL
2022-11-30,BAJAJ-AUTO,0.0,NEUTRAL
2022-11-30,SUNPHARMA,0.1,NEUTRAL
2022-11-30,DRREDDY,0.1,LONG
2022-11-30,CIPLA,0.0,NEUTRAL
2022-11-30,ASIANPAINT,0.0,NEUTRAL
2022-11-30,ITC,0.1,LONG
2022-12-31,ICICIBANK,0.1,NEUTRAL
2022-12-31,KOTAKBANK,0.0,NEUTRAL
2022-12-31,AXISBANK,0.1,NEUTRAL
2022-12-31,TCS,0.1,LONG
2022-12-31,INFY,0.0,NEUTRAL
2022-12-31,WIPRO,0.0,NEUTRAL
2022-12-31,HCLTECH,0.1,LONG
2022-12-31,ONGC,0.1,NEUTRAL
2022-12-31,NTPC,0.0,NEUTRAL
2022-12-31,POWERGRID,0.1,NEUTRAL
2022-12-31,ADANIGREEN,0.1,LONG
2022-12-31,TATAMOTORS,0.0,NEUTRAL
2022-12-31,MARUTI,0.1,NEUTRAL
2022-12-31,BAJAJ-AUTO,0.0,LONG
2022-12-31,SUNPHARMA,0.0,NEUTRAL
2022-12-31,CIPLA,0.0,LONG
2022-12-31,HINDUNILVR,0.1,LONG
2022-12-31,ITC,0.1,NEUTRAL
2023-01-31,KOTAKBANK,0.0,NEUTRAL
2023-01-31,AXISBANK,0.1,NEUTRAL
2023-01-31,TCS,0.0,LONG
2023-01-31,INFY,0.0,LONG
2023-01-31,WIPRO,0.0,NEUTRAL
2023-01-31,HCLTECH,0.0,NEUTRAL
2023-01-31,TECHM,0.1,NEUTRAL
2023-01-31,ONGC,0.1,NEUTRAL
2023-01-31,NTPC,0.0,NEUTRAL
2023-01-31,POWERGRID,0.1,NEUTRAL
2023-01-31,MARUTI,0.1,NEUTRAL
2023-01-31,M&M,0.1,NEUTRAL
2023-01-31,SUNPHARMA,0.1,NEUTRAL
2023-01-31,DRREDDY,0.1,LONG
2023-01-31,CIPLA,0.0,LONG
2023-01-31,ASIANPAINT,0.0,LONG
2023-01-31,HINDUNILVR,0.1,LONG
2023-01-31,ITC,0.1,NEUTRAL
2023-02-28,HDFCBANK,0.1,NEUTRAL
2023-02-28,KOTAKBANK,0.1,NEUTRAL
2023-02-28,INFY,0.0,NEUTRAL
2023-02-28,WIPRO,0.1,LONG
2023-02-28,HCLTECH,0.1,NEUTRAL
2023-02-28,TECHM,0.1,NEUTRAL
2023-02-28,RELIANCE,0.0,LONG
2023-02-28,NTPC,0.0,NEUTRAL
2023-02-28,POWERGRID,0.0,LONG
2023-02-28,ADANIGREEN,0.0,NEUTRAL
2023-02-28,TATAMOTORS,0.0,NEUTRAL
2023-02-28,M&M,0.1,NEUTRAL
2023-02-28,BAJAJ-AUTO,0.1,NEUTRAL
2023-02-28,DRREDDY,0.1,NEUTRAL
2023-02-28,CIPLA,0.0,LONG
2023-02-28,ASIANPAINT,0.0,LONG
2023-02-28,HINDUNILVR,0.1,LONG
2023-02-28,ITC,0.1,NEUTRAL
2023-03-31,HDFCBANK,0.1,NEUTRAL
2023-03-31,KOTAKBANK,0.1,NEUTRAL
2023-03-31,AXISBANK,0.1,NEUTRAL
2023-03-31,TCS,0.1,NEUTRAL
2023-03-31,INFY,0.0,LONG
2023-03-31,WIPRO,0.0,NEUTRAL
2023-03-31,HCLTECH,0.0,NEUTRAL
2023-03-31,TECHM,0.1,NEUTRAL
2023-03-31,RELIANCE,0.0,LONG
2023-03-31,NTPC,0.1,LONG
2023-03-31,POWERGRID,0.0,NEUTRAL
2023-03-31,TATAMOTORS,0.1,LONG
2023-03-31,MARUTI,0.1,NEUTRAL
2023-03-31,M&M,0.1,NEUTRAL
2023-03-31,CIPLA,0.0,NEUTRAL
2023-03-31,ASIANPAINT,0.0,LONG
2023-03-31,HINDUNILVR,0.0,LONG
2023-03-31,ITC,0.1,NEUTRAL
2023-04-30,HDFCBANK,0.0,NEUTRAL
2023-04-30,AXISBANK,0.1,NEUTRAL
2023-04-30,TCS,0.0,LONG
2023-04-30,WIPRO,0.0,NEUTRAL
2023-04-30,HCLTECH,0.0,NEUTRAL
2023-04-30,TECHM,0.0,LONG
2023-04-30,RELIANCE,0.1,NEUTRAL
2023-04-30,NTPC,0.0,NEUTRAL
2023-04-30,POWERGRID,0.1,NEUTRAL
2023-04-30,ADANIGREEN,0.1,LONG
2023-04-30,TATAMOTORS,0.1,NEUTRAL
2023-04-30,M&M,0.1,NEUTRAL
2023-04-30,BAJAJ-AUTO,0.1,NEUTRAL
2023-04-30,SUNPHARMA,0.1,NEUTRAL
2023-04-30,DRREDDY,0.1,LONG
2023-04-30,CIPLA,0.0,LONG
2023-04-30,HINDUNILVR,0.0,NEUTRAL
2023-04-30,ITC,0.1,LONG
2023-05-31,HDFCBANK,0.1,NEUTRAL
2023-05-31,ICICIBANK,0.0,NEUTRAL
2023-05-31,SBIN,0.1,NEUTRAL
2023-05-31,TCS,0.0,NEUTRAL
2023-05-31,INFY,0.0,LONG
2023-05-31,WIPRO,0.0,LONG
2023-05-31,TECHM,0.1,NEUTRAL
2023-05-31,RELIANCE,0.0,LONG
2023-05-31,POWERGRID,0.1,LONG
2023-05-31,ADANIGREEN,0.0,LONG
2023-05-31,TATAMOTORS,0.1,NEUTRAL
2023-05-31,MARUTI,0.1,NEUTRAL
2023-05-31,M&M,0.1,NEUTRAL
2023-05-31,BAJAJ-AUTO,0.0,LONG
2023-05-31,SUNPHARMA,0.1,NEUTRAL
2023-05-31,DRREDDY,0.1,NEUTRAL
2023-05-31,CIPLA,0.0,NEUTRAL
2023-05-31,ITC,0.1,NEUTRAL
2023-06-30,ICICIBANK,0.1,NEUTRAL
2023-06-30,SBIN,0.0,NEUTRAL
2023-06-30,KOTAKBANK,0.1,LONG
2023-06-30,AXISBANK,0.0,NEUTRAL
2023-06-30,TCS,0.1,NEUTRAL
2023-06-30,INFY,0.0,LONG
2023-06-30,WIPRO,0.1,LONG
2023-06-30,TECHM,0.1,NEUTRAL
2023-06-30,NTPC,0.1,LONG
2023-06-30,POWERGRID,0.1,NEUTRAL
2023-06-30,ADANIGREEN,0.0,NEUTRAL
2023-06-30,TATAMOTORS,0.1,LONG
2023-06-30,M&M,0.1,NEUTRAL
2023-06-30,BAJAJ-AUTO,0.0,NEUTRAL
2023-06-30,SUNPHARMA,0.0,NEUTRAL
2023-06-30,DRREDDY,0.1,LONG
2023-06-30,CIPLA,0.0,NEUTRAL
2023-06-30,HINDUNILVR,0.0,NEUTRAL
2023-07-31,HDFCBANK,0.1,NEUTRAL
2023-07-31,ICICIBANK,0.1,LONG
2023-07-31,KOTAKBANK,0.1,NEUTRAL
2023-07-31,AXISBANK,0.0,NEUTRAL
2023-07-31,TCS,0.0,LONG
2023-07-31,INFY,0.0,LONG
2023-07-31,HCLTECH,0.1,NEUTRAL
2023-07-31,TECHM,0.1,NEUTRAL
2023-07-31,RELIANCE,0.1,NEUTRAL
2023-07-31,NTPC,0.1,NEUTRAL
2023-07-31,POWERGRID,0.0,NEUTRAL
2023-07-31,ADANIGREEN,0.0,LONG
2023-07-31,MARUTI,0.1,LONG
2023-07-31,M&M,0.0,NEUTRAL
2023-07-31,BAJAJ-AUTO,0.1,NEUTRAL
2023-07-31,SUNPHARMA,0.0,LONG
2023-07-31,CIPLA,0.0,NEUTRAL
2023-07-31,ITC,0.1,NEUTRAL
2023-08-31,HDFCBANK,0.0,NEUTRAL
2023-08-31,KOTAKBANK,0.1,NEUTRAL
2023-08-31,AXISBANK,0.1,NEUTRAL
2023-08-31,TCS,0.0,LONG
2023-08-31,INFY,0.0,NEUTRAL
2023-08-31,WIPRO,0.0,LONG
2023-08-31,HCLTECH,0.1,NEUTRAL
2023-08-31,TECHM,0.1,NEUTRAL
2023-08-31,NTPC,0.1,NEUTRAL
2023-08-31,TATAMOTORS,0.1,NEUTRAL
2023-08-31,MARUTI,0.1,LONG
2023-08-31,M&M,0.0,NEUTRAL
2023-08-31,BAJAJ-AUTO,0.1,NEUTRAL
2023-08-31,SUNPHARMA,0.1,LONG
2023-08-31,DRREDDY,0.1,NEUTRAL
2023-08-31,CIPLA,0.0,LONG
2023-08-31,ASIANPAINT,0.0,LONG
2023-08-31,ITC,0.0,NEUTRAL
2023-09-30,HDFCBANK,0.0,NEUTRAL
2023-09-30,KOTAKBANK,0.0,NEUTRAL
2023-09-30,AXISBANK,0.1,NEUTRAL
2023-09-30,TCS,0.0,NEUTRAL
2023-09-30,INFY,0.0,NEUTRAL
2023-09-30,WIPRO,0.1,NEUTRAL
2023-09-30,TECHM,0.1,LONG
2023-09-30,RELIANCE,0.0,NEUTRAL
2023-09-30,ONGC,0.1,LONG
2023-09-30,NTPC,0.0,LONG
2023-09-30,POWERGRID,0.1,NEUTRAL
2023-09-30,ADANIGREEN,0.1,LONG
2023-09-30,MARUTI,0.0,NEUTRAL
2023-09-30,M&M,0.1,NEUTRAL
2023-09-30,SUNPHARMA,0.1,NEUTRAL
2023-09-30,ASIANPAINT,0.1,LONG
2023-09-30,HINDUNILVR,0.0,NEUTRAL
2023-09-30,ITC,0.1,LONG
2023-10-31,HDFCBANK,0.0,NEUTRAL
2023-10-31,ICICIBANK,0.1,LONG
2023-10-31,AXISBANK,0.0,NEUTRAL
2023-10-31,TCS,0.0,NEUTRAL
2023-10-31,WIPRO,0.0,NEUTRAL
2023-10-31,HCLTECH,0.1,LONG
2023-10-31,TECHM,0.1,NEUTRAL
2023-10-31,NTPC,0.1,LONG
2023-10-31,POWERGRID,0.1,NEUTRAL
2023-10-31,ADANIGREEN,0.0,LONG
2023-10-31,TATAMOTORS,0.1,NEUTRAL
2023-10-31,MARUTI,0.1,NEUTRAL
2023-10-31,M&M,0.1,NEUTRAL
2023-10-31,SUNPHARMA,0.1,LONG
2023-10-31,DRREDDY,0.0,LONG
2023-10-31,CIPLA,0.0,NEUTRAL
2023-10-31,HINDUNILVR,0.0,NEUTRAL
2023-10-31,ITC,0.1,NEUTRAL
2023-11-30,HDFCBANK,0.0,NEUTRAL
2023-11-30,ICICIBANK,0.1,NEUTRAL
2023-11-30,KOTAKBANK,0.0,NEUTRAL
2023-11-30,TCS,0.1,NEUTRAL
2023-11-30,WIPRO,0.0,NEUTRAL
2023-11-30,TECHM,0.1,LONG
2023-11-30,RELIANCE,0.0,NEUTRAL
2023-11-30,NTPC,0.1,NEUTRAL
2023-11-30,ADANIGREEN,0.0,LONG
2023-11-30,TATAMOTORS,0.1,NEUTRAL
2023-11-30,MARUTI,0.1,LONG
2023-11-30,M&M,0.0,NEUTRAL
2023-11-30,BAJAJ-AUTO,0.1,NEUTRAL
2023-11-30,SUNPHARMA,0.1,NEUTRAL
2023-11-30,DRREDDY,0.1,LONG
2023-11-30,CIPLA,0.0,LONG
2023-11-30,ASIANPAINT,0.1,LONG
2023-11-30,ITC,0.0,NEUTRAL
2023-12-31,ICICIBANK,0.0,NEUTRAL
2023-12-31,KOTAKBANK,0.1,NEUTRAL
2023-12-31,AXISBANK,0.1,NEUTRAL
2023-12-31,TCS,0.1,LONG
2023-12-31,HCLTECH,0.0,NEUTRAL
2023-12-31,TECHM,0.0,NEUTRAL
2023-12-31,RELIANCE,0.1,LONG
2023-12-31,ONGC,0.0,LONG
2023-12-31,NTPC,0.1,LONG
2023-12-31,POWERGRID,0.1,NEUTRAL
2023-12-31,ADANIGREEN,0.0,NEUTRAL
2023-12-31,TATAMOTORS,0.0,NEUTRAL
2023-12-31,MARUTI,0.1,NEUTRAL
2023-12-31,M&M,0.0,NEUTRAL
2023-12-31,BAJAJ-AUTO,0.0,NEUTRAL
2023-12-31,SUNPHARMA,0.1,LONG
2023-12-31,CIPLA,0.1,NEUTRAL
2023-12-31,ASIANPAINT,0.1,LONG
2024-01-31,HDFCBANK,0.1,LONG
2024-01-31,ICICIBANK,0.0,NEUTRAL
2024-01-31,KOTAKBANK,0.1,LONG
2024-01-31,AXISBANK,0.0,LONG
2024-01-31,INFY,0.0,NEUTRAL
2024-01-31,WIPRO,0.1,NEUTRAL
2024-01-31,HCLTECH,0.1,NEUTRAL
2024-01-31,RELIANCE,0.1,NEUTRAL
2024-01-31,ONGC,0.1,NEUTRAL
2024-01-31,NTPC,0.1,NEUTRAL
2024-01-31,TATAMOTORS,0.0,NEUTRAL
2024-01-31,M&M,0.0,NEUTRAL
2024-01-31,BAJAJ-AUTO,0.0,NEUTRAL
2024-01-31,SUNPHARMA,0.0,LONG
2024-01-31,DRREDDY,0.0,NEUTRAL
2024-01-31,ASIANPAINT,0.1,LONG
2024-01-31,HINDUNILVR,0.1,LONG
2024-01-31,ITC,0.1,NEUTRAL
2024-02-29,HDFCBANK,0.0,NEUTRAL
2024-02-29,KOTAKBANK,0.1,NEUTRAL
2024-02-29,TCS,0.1,NEUTRAL
2024-02-29,WIPRO,0.1,LONG
2024-02-29,HCLTECH,0.0,NEUTRAL
2024-02-29,TECHM,0.1,NEUTRAL
2024-02-29,ONGC,0.0,NEUTRAL
2024-02-29,NTPC,0.0,LONG
2024-02-29,ADANIGREEN,0.1,LONG
2024-02-29,MARUTI,0.1,LONG
2024-02-29,M&M,0.0,NEUTRAL
2024-02-29,BAJAJ-AUTO,0.1,NEUTRAL
2024-02-29,SUNPHARMA,0.1,LONG
2024-02-29,DRREDDY,0.1,NEUTRAL
2024-02-29,CIPLA,0.0,NEUTRAL
2024-02-29,ASIANPAINT,0.0,NEUTRAL
2024-02-29,HINDUNILVR,0.1,LONG
2024-02-29,ITC,0.0,NEUTRAL
2024-03-31,KOTAKBANK,0.1,NEUTRAL
2024-03-31,TCS,0.0,LONG
2024-03-31,INFY,0.1,LONG
2024-03-31,WIPRO,0.0,NEUTRAL
2024-03-31,TECHM,0.1,NEUTRAL
2024-03-31,RELIANCE,0.0,NEUTRAL
2024-03-31,ONGC,0.1,NEUTRAL
2024-03-31,NTPC,0.1,LONG
2024-03-31,ADANIGREEN,0.1,LONG
2024-03-31,TATAMOTORS,0.1,NEUTRAL
2024-03-31,MARUTI,0.1,LONG
2024-03-31,M&M,0.0,NEUTRAL
2024-03-31,BAJAJ-AUTO,0.0,NEUTRAL
2024-03-31,SUNPHARMA,0.0,NEUTRAL
2024-03-31,DRREDDY,0.0,NEUTRAL
2024-03-31,CIPLA,0.1,NEUTRAL
2024-03-31,ASIANPAINT,0.1,NEUTRAL
2024-03-31,ITC,0.0,LONG
2024-04-30,HDFCBANK,0.0,LONG
2024-04-30,ICICIBANK,0.0,NEUTRAL
2024-04-30,KOTAKBANK,0.1,NEUTRAL
2024-04-30,AXISBANK,0.1,LONG
2024-04-30,INFY,0.0,NEUTRAL
2024-04-30,WIPRO,0.0,NEUTRAL
2024-04-30,HCLTECH,0.1,LONG
2024-04-30,TECHM,0.1,NEUTRAL
2024-04-30,NTPC,0.0,LONG
2024-04-30,ADANIGREEN,0.1,NEUTRAL
2024-04-30,MARUTI,0.1,NEUTRAL
2024-04-30,M&M,0.1,NEUTRAL
2024-04-30,SUNPHARMA,0.1,NEUTRAL
2024-04-30,DRREDDY,0.0,LONG
2024-04-30,CIPLA,0.0,NEUTRAL
2024-04-30,ASIANPAINT,0.0,LONG
2024-04-30,HINDUNILVR,0.1,NEUTRAL
2024-04-30,ITC,0.1,NEUTRAL
2024-05-31,HDFCBANK,0.0,NEUTRAL
2024-05-31,ICICIBANK,0.1,NEUTRAL
2024-05-31,SBIN,0.0,LONG
2024-05-31,KOTAKBANK,0.1,NEUTRAL
2024-05-31,TCS,0.1,NEUTRAL
2024-05-31,INFY,0.0,NEUTRAL
2024-05-31,WIPRO,0.0,LONG
2024-05-31,TECHM,0.1,NEUTRAL
2024-05-31,RELIANCE,0.0,LONG
2024-05-31,NTPC,0.1,LONG
2024-05-31,ADANIGREEN,0.1,LONG
2024-05-31,M&M,0.1,NEUTRAL
2024-05-31,BAJAJ-AUTO,0.1,LONG
2024-05-31,SUNPHARMA,0.1,NEUTRAL
2024-05-31,DRREDDY,0.0,NEUTRAL
2024-05-31,CIPLA,0.1,NEUTRAL
2024-05-31,ASIANPAINT,0.0,NEUTRAL
2024-05-31,ITC,0.0,NEUTRAL
2024-06-30,HDFCBANK,0.0,NEUTRAL
2024-06-30,ICICIBANK,0.1,LONG
2024-06-30,SBIN,0.0,NEUTRAL
2024-06-30,KOTAKBANK,0.1,NEUTRAL
2024-06-30,TCS,0.0,NEUTRAL
2024-06-30,WIPRO,0.1,LONG
2024-06-30,RELIANCE,0.0,NEUTRAL
2024-06-30,NTPC,0.1,NEUTRAL
2024-06-30,POWERGRID,0.1,NEUTRAL
2024-06-30,ADANIGREEN,0.1,NEUTRAL
2024-06-30,MARUTI,0.1,NEUTRAL
2024-06-30,BAJAJ-AUTO,0.0,LONG
2024-06-30,SUNPHARMA,0.1,NEUTRAL
2024-06-30,DRREDDY,0.0,NEUTRAL
2024-06-30,CIPLA,0.1,LONG
2024-06-30,ASIANPAINT,0.1,NEUTRAL
2024-06-30,HINDUNILVR,0.0,LONG
2024-06-30,ITC,0.0,LONG
2024-07-31,ICICIBANK,0.0,LONG
2024-07-31,SBIN,0.1,NEUTRAL
2024-07-31,KOTAKBANK,0.1,NEUTRAL
2024-07-31,WIPRO,0.1,NEUTRAL
2024-07-31,HCLTECH,0.1,LONG
2024-07-31,RELIANCE,0.1,NEUTRAL
2024-07-31,ONGC,0.0,NEUTRAL
2024-07-31,NTPC,0.1,NEUTRAL
2024-07-31,POWERGRID,0.1,LONG
2024-07-31,ADANIGREEN,0.0,LONG
2024-07-31,TATAMOTORS,0.1,NEUTRAL
2024-07-31,MARUTI,0.1,NEUTRAL
2024-07-31,BAJAJ-AUTO,0.0,NEUTRAL
2024-07-31,SUNPHARMA,0.0,LONG
2024-07-31,CIPLA,0.1,NEUTRAL
2024-07-31,ASIANPAINT,0.0,NEUTRAL
2024-07-31,HINDUNILVR,0.0,LONG
2024-07-31,ITC,0.0,NEUTRAL
2024-08-31,HDFCBANK,0.1,NEUTRAL
2024-08-31,KOTAKBANK,0.0,NEUTRAL
2024-08-31,AXISBANK,0.1,NEUTRAL
2024-08-31,TCS,0.0,NEUTRAL
2024-08-31,INFY,0.1,NEUTRAL
2024-08-31,WIPRO,0.0,NEUTRAL
2024-08-31,HCLTECH,0.0,LONG
2024-08-31,TECHM,0.0,NEUTRAL
2024-08-31,ONGC,0.1,LONG
2024-08-31,NTPC,0.1,NEUTRAL
2024-08-31,ADANIGREEN,0.1,NEUTRAL
2024-08-31,MARUTI,0.1,NEUTRAL
2024-08-31,M&M,0.1,LONG
2024-08-31,BAJAJ-AUTO,0.1,LONG
2024-08-31,SUNPHARMA,0.1,NEUTRAL
2024-08-31,DRREDDY,0.0,LONG
2024-08-31,CIPLA,0.0,LONG
2024-08-31,HINDUNILVR,0.0,NEUTRAL
2024-09-30,SBIN,0.1,NEUTRAL
2024-09-30,KOTAKBANK,0.0,NEUTRAL
2024-09-30,AXISBANK,0.1,NEUTRAL
2024-09-30,TCS,0.0,NEUTRAL
2024-09-30,WIPRO,0.0,NEUTRAL
2024-09-30,TECHM,0.0,NEUTRAL
2024-09-30,ONGC,0.1,NEUTRAL
2024-09-30,NTPC,0.0,LONG
2024-09-30,POWERGRID,0.0,NEUTRAL
2024-09-30,ADANIGREEN,0.1,LONG
2024-09-30,TATAMOTORS,0.1,LONG
2024-09-30,M&M,0.1,NEUTRAL
2024-09-30,BAJAJ-AUTO,0.1,NEUTRAL
2024-09-30,SUNPHARMA,0.1,NEUTRAL
2024-09-30,CIPLA,0.0,LONG
2024-09-30,ASIANPAINT,0.1,LONG
2024-09-30,HINDUNILVR,0.0,LONG
2024-09-30,ITC,0.1,NEUTRAL
2024-10-31,HDFCBANK,0.1,NEUTRAL
2024-10-31,SBIN,0.1,NEUTRAL
2024-10-31,KOTAKBANK,0.0,NEUTRAL
2024-10-31,AXISBANK,0.1,NEUTRAL
2024-10-31,WIPRO,0.1,LONG
2024-10-31,HCLTECH,0.1,NEUTRAL
2024-10-31,TECHM,0.1,NEUTRAL
2024-10-31,RELIANCE,0.0,LONG
2024-10-31,NTPC,0.0,LONG
2024-10-31,ADANIGREEN,0.0,LONG
2024-10-31,MARUTI,0.1,NEUTRAL
2024-10-31,M&M,0.0,NEUTRAL
2024-10-31,BAJAJ-AUTO,0.0,NEUTRAL
2024-10-31,SUNPHARMA,0.0,NEUTRAL
2024-10-31,DRREDDY,0.1,NEUTRAL
2024-10-31,CIPLA,0.0,LONG
2024-10-31,ASIANPAINT,0.1,LONG
2024-10-31,HINDUNILVR,0.1,NEUTRAL
2024-11-30,HDFCBANK,0.1,LONG
2024-11-30,ICICIBANK,0.0,LONG
2024-11-30,SBIN,0.1,NEUTRAL
2024-11-30,AXISBANK,0.1,NEUTRAL
2024-11-30,TCS,0.0,LONG
2024-11-30,INFY,0.0,NEUTRAL
2024-11-30,WIPRO,0.1,NEUTRAL
2024-11-30,HCLTECH,0.0,LONG
2024-11-30,TECHM,0.0,NEUTRAL
2024-11-30,RELIANCE,0.1,LONG
2024-11-30,ADANIGREEN,0.1,LONG
2024-11-30,TATAMOTORS,0.1,NEUTRAL
2024-11-30,MARUTI,0.1,NEUTRAL
2024-11-30,M&M,0.0,NEUTRAL
2024-11-30,BAJAJ-AUTO,0.1,NEUTRAL
2024-11-30,DRREDDY,0.0,NEUTRAL
2024-11-30,HINDUNILVR,0.1,NEUTRAL
2024-11-30,ITC,0.0,NEUTRAL
