month_end,model,return_21d,return_ann,volatility,n_stocks
2022-03-31,Ridge,0.015908,0.208517,0.15702,10
2022-03-31,LASSO,0.012931,0.166702,0.156046,10
2022-03-31,RandomForest,0.081242,1.553144,0.166224,10
2022-03-31,GradientBoosting,0.077387,1.446026,0.155729,10
2022-03-31,MLP,0.030985,0.442205,0.176855,10
2022-03-31,Ensemble,0.035448,0.518941,0.15701,10
2022-03-31,EqualWeight,0.055996,0.922859,0.186889,6
2022-03-31,SentimentOnly,0.028779,0.405614,0.147328,10
2022-04-30,Ridge,-0.017633,-0.192239,0.135482,10
2022-04-30,LASSO,-0.026759,-0.277822,0.167551,10
2022-04-30,RandomForest,-0.041357,-0.3976,0.185606,10
2022-04-30,GradientBoosting,-0.046078,-0.432251,0.226774,10
2022-04-30,MLP,0.000103,0.001235,0.164283,10
2022-04-30,Ensemble,0.006053,0.075106,0.156059,10
2022-04-30,EqualWeight,-0.049661,-0.457318,0.223857,6
2022-04-30,SentimentOnly,-0.02623,-0.273101,0.219312,10
2022-05-31,Ridge,-0.035785,-0.354217,0.188535,10
2022-05-31,LASSO,-0.04558,-0.428689,0.19089,10
2022-05-31,RandomForest,-0.032144,-0.324342,0.176512,10
2022-05-31,GradientBoosting,-0.032966,-0.331194,0.186301,10
2022-05-31,MLP,-0.004772,-0.055781,0.180825,10
2022-05-31,Ensemble,-0.01912,-0.206789,0.179193,10
2022-05-31,EqualWeight,-0.062052,-0.536398,0.236187,6
2022-05-31,SentimentOnly,-0.0391,-0.380361,0.194967,10
2022-06-30,Ridge,0.04519,0.699577,0.114491,10
2022-06-30,LASSO,0.069894,1.249526,0.121962,10
2022-06-30,RandomForest,0.053601,0.871163,0.112638,10
2022-06-30,GradientBoosting,0.032491,0.467688,0.140875,10
2022-06-30,MLP,0.054251,0.885081,0.114132,10
2022-06-30,Ensemble,0.0502,0.799956,0.112337,10
2022-06-30,EqualWeight,0.099908,2.135293,0.129399,6
2022-06-30,SentimentOnly,0.07584,1.40422,0.118775,10
2022-07-31,Ridge,0.033113,0.478342,0.113564,10
2022-07-31,LASSO,0.034298,0.498815,0.114915,10
2022-07-31,RandomForest,0.020653,0.278022,0.105665,10
2022-07-31,GradientBoosting,0.032024,0.459754,0.107011,10
2022-07-31,MLP,0.037447,0.554494,0.105532,10
2022-07-31,Ensemble,0.047293,0.741073,0.109196,10
2022-07-31,EqualWeight,-0.00226,-0.026787,0.130189,6
2022-07-31,SentimentOnly,-0.002832,-0.033464,0.093018,10
2022-08-31,Ridge,-0.018663,-0.202338,0.108103,10
2022-08-31,LASSO,-0.022509,-0.239059,0.118902,10
2022-08-31,RandomForest,-0.030135,-0.307313,0.118372,10
2022-08-31,GradientBoosting,-0.033862,-0.338592,0.128782,10
2022-08-31,MLP,-0.014992,-0.165787,0.120093,10
2022-08-31,Ensemble,-0.012586,-0.141,0.115491,10
2022-08-31,EqualWeight,-0.011003,-0.124329,0.15074,6
2022-08-31,SentimentOnly,-0.020799,-0.222927,0.132265,10
2022-09-30,Ridge,0.034122,0.495757,0.101601,10
2022-09-30,LASSO,0.068659,1.218543,0.15198,10
2022-09-30,RandomForest,0.05859,0.980302,0.121713,10
2022-09-30,GradientBoosting,0.05859,0.980302,0.121713,10
2022-09-30,MLP,0.061267,1.041251,0.150586,10
2022-09-30,Ensemble,0.03684,0.543618,0.146917,10
2022-09-30,EqualWeight,0.012212,0.156796,0.123924,6
2022-09-30,SentimentOnly,0.052567,0.849248,0.125228,10
2022-10-31,Ridge,0.003473,0.042477,0.089679,10
2022-10-31,LASSO,0.013789,0.178617,0.084805,10
2022-10-31,RandomForest,0.000801,0.009651,0.094553,10
2022-10-31,GradientBoosting,-0.00605,-0.070231,0.095491,10
2022-10-31,MLP,0.010115,0.128369,0.096172,10
2022-10-31,Ensemble,0.000801,0.009651,0.094553,10
2022-10-31,EqualWeight,0.02093,0.282183,0.114788,6
2022-10-31,SentimentOnly,0.011769,0.150742,0.103987,10
2022-11-30,Ridge,-0.016287,-0.178854,0.127891,10
2022-11-30,LASSO,-0.025842,-0.269616,0.1257,12
2022-11-30,RandomForest,-0.021657,-0.231061,0.118201,10
2022-11-30,GradientBoosting,-0.029622,-0.302905,0.124521,10
2022-11-30,MLP,-0.034458,-0.34347,0.133086,10
2022-11-30,Ensemble,-0.030488,-0.310331,0.113245,10
2022-11-30,EqualWeight,-0.047305,-0.440954,0.151235,6
2022-11-30,SentimentOnly,-0.029497,-0.30183,0.139615,10
2022-12-31,Ridge,-0.021888,-0.233236,0.154447,10
2022-12-31,LASSO,-0.021687,-0.23134,0.159103,10
2022-12-31,RandomForest,-0.038238,-0.37366,0.171693,10
2022-12-31,GradientBoosting,-0.030479,-0.310257,0.165208,10
2022-12-31,MLP,-0.036666,-0.361263,0.157469,10
2022-12-31,Ensemble,-0.032677,-0.328788,0.167129,10
2022-12-31,EqualWeight,-0.038563,-0.376191,0.225018,6
2022-12-31,SentimentOnly,-0.021923,-0.233563,0.147794,10
2023-01-31,Ridge,-0.006156,-0.071425,0.08167,10
2023-01-31,LASSO,-0.007233,-0.083426,0.078753,18
2023-01-31,RandomForest,0.000935,0.011278,0.078345,10
2023-01-31,GradientBoosting,0.000935,0.011278,0.078345,10
2023-01-31,MLP,-0.009244,-0.105456,0.099216,10
2023-01-31,Ensemble,0.009054,0.114228,0.077598,10
2023-01-31,EqualWeight,-0.035645,-0.353091,0.109766,6
2023-01-31,SentimentOnly,-0.001925,-0.022856,0.090702,10
2023-02-28,Ridge,-0.015166,-0.167557,0.079722,10
2023-02-28,LASSO,-0.010521,-0.1192,0.081524,10
2023-02-28,RandomForest,-0.032013,-0.323238,0.094304,10
2023-02-28,GradientBoosting,-0.029249,-0.299685,0.088394,10
2023-02-28,MLP,-0.022618,-0.240069,0.095694,10
2023-02-28,Ensemble,-0.022618,-0.240069,0.095694,10
2023-02-28,EqualWeight,-0.028088,-0.289566,0.086921,6
2023-02-28,SentimentOnly,-0.014851,-0.164355,0.080383,10
2023-03-31,Ridge,0.044646,0.689007,0.042518,10
2023-03-31,LASSO,0.018254,0.242429,0.074729,10
2023-03-31,RandomForest,0.019244,0.257013,0.087438,10
2023-03-31,GradientBoosting,0.034517,0.502623,0.091263,10
2023-03-31,MLP,0.028699,0.404296,0.077801,10
2023-03-31,Ensemble,0.038645,0.576175,0.063555,10
2023-03-31,EqualWeight,-0.000939,-0.011211,0.088944,6
2023-03-31,SentimentOnly,0.009573,0.121118,0.08862,10
2023-04-30,Ridge,0.040031,0.601597,0.080019,10
2023-04-30,LASSO,0.026893,0.375006,0.081646,10
2023-04-30,RandomForest,0.035254,0.515528,0.077575,10
2023-04-30,GradientBoosting,0.04061,0.612331,0.079775,10
2023-04-30,MLP,0.025799,0.357531,0.090244,10
2023-04-30,Ensemble,0.022844,0.31133,0.082599,10
2023-04-30,EqualWeight,0.030302,0.430782,0.131037,6
2023-04-30,SentimentOnly,0.03964,0.5944,0.096523,10
2023-05-31,Ridge,0.007766,0.097283,0.062309,10
2023-05-31,LASSO,0.002012,0.024411,0.063464,10
2023-05-31,RandomForest,0.039143,0.58528,0.064675,10
2023-05-31,GradientBoosting,0.039143,0.58528,0.064675,10
2023-05-31,MLP,0.029979,0.425415,0.057363,10
2023-05-31,Ensemble,0.033761,0.489499,0.058762,10
2023-05-31,EqualWeight,0.003863,0.047358,0.095105,6
2023-05-31,SentimentOnly,0.016392,0.215448,0.068454,10
2023-06-30,Ridge,0.046729,0.729857,0.099803,10
2023-06-30,LASSO,0.060638,1.026779,0.107734,10
2023-06-30,RandomForest,0.063732,1.098867,0.124674,10
2023-06-30,GradientBoosting,0.073879,1.352154,0.095917,10
2023-06-30,MLP,0.057636,0.959,0.103513,10
2023-06-30,Ensemble,0.050314,0.80231,0.115896,10
2023-06-30,EqualWeight,0.053189,0.862406,0.111256,6
2023-06-30,SentimentOnly,0.057617,0.958578,0.112963,10
2023-07-31,Ridge,-0.005832,-0.067779,0.072398,10
2023-07-31,LASSO,-0.013497,-0.150462,0.073096,10
2023-07-31,RandomForest,-0.01455,-0.161281,0.070225,10
2023-07-31,GradientBoosting,-0.015902,-0.174986,0.07422,10
2023-07-31,MLP,-0.013346,-0.148903,0.082227,10
2023-07-31,Ensemble,-0.007174,-0.082771,0.08172,10
2023-07-31,EqualWeight,-0.012461,-0.1397,0.081208,6
2023-07-31,SentimentOnly,-0.021986,-0.234157,0.080103,10
2023-08-31,Ridge,0.012485,0.160554,0.089726,10
2023-08-31,LASSO,0.019104,0.254938,0.089634,10
2023-08-31,RandomForest,0.023134,0.315802,0.095897,11
2023-08-31,GradientBoosting,0.017655,0.23369,0.102046,10
2023-08-31,MLP,0.031753,0.455148,0.099257,10
2023-08-31,Ensemble,0.031753,0.455148,0.099257,10
2023-08-31,EqualWeight,0.005968,0.074012,0.097486,6
2023-08-31,SentimentOnly,0.014036,0.182061,0.099726,11
2023-09-30,Ridge,-0.026041,-0.271404,0.096689,10
2023-09-30,LASSO,-0.028484,-0.293032,0.093109,10
2023-09-30,RandomForest,-0.031864,-0.321993,0.113658,10
2023-09-30,GradientBoosting,-0.031864,-0.321993,0.113658,10
2023-09-30,MLP,-0.042562,-0.40663,0.121419,10
2023-09-30,Ensemble,-0.042684,-0.407533,0.119567,10
2023-09-30,EqualWeight,-0.050114,-0.460415,0.133339,6
2023-09-30,SentimentOnly,-0.041283,-0.397043,0.104569,10
2023-10-31,Ridge,0.037716,0.559353,0.05426,10
2023-10-31,LASSO,0.036541,0.538294,0.058996,10
2023-10-31,RandomForest,0.04672,0.729689,0.072632,10
2023-10-31,GradientBoosting,0.048745,0.770261,0.065634,10
2023-10-31,MLP,0.053579,0.87071,0.090689,10
2023-10-31,Ensemble,0.043527,0.667408,0.061582,10
2023-10-31,EqualWeight,0.072455,1.314985,0.104739,6
2023-10-31,SentimentOnly,0.049344,0.782436,0.076233,10
2023-11-30,Ridge,0.074334,1.364128,0.093152,10
2023-11-30,LASSO,0.053085,0.860216,0.0811,10
2023-11-30,RandomForest,0.078852,1.486246,0.092299,10
2023-11-30,GradientBoosting,0.087209,1.727449,0.114359,10
2023-11-30,MLP,0.060504,1.023711,0.106068,10
2023-11-30,Ensemble,0.064319,1.112823,0.095248,10
2023-11-30,EqualWeight,0.107131,2.391478,0.207818,6
2023-11-30,SentimentOnly,0.097003,2.037328,0.157099,10
2023-12-31,Ridge,0.031097,0.444095,0.13097,10
2023-12-31,LASSO,0.011395,0.145649,0.110156,10
2023-12-31,RandomForest,0.026164,0.363329,0.089042,10
2023-12-31,GradientBoosting,0.017164,0.22657,0.107522,10
2023-12-31,MLP,0.040961,0.618868,0.126691,10
2023-12-31,Ensemble,0.018247,0.242337,0.110931,10
2023-12-31,EqualWeight,0.061631,1.049669,0.180186,6
2023-12-31,SentimentOnly,0.033528,0.485479,0.155839,10
2024-01-31,Ridge,0.029079,0.410532,0.118553,10
2024-01-31,LASSO,0.027641,0.387069,0.114404,10
2024-01-31,RandomForest,0.036072,0.529957,0.121539,10
2024-01-31,GradientBoosting,0.021381,0.288995,0.111092,10
2024-01-31,MLP,0.015394,0.201195,0.107029,10
2024-01-31,Ensemble,0.011203,0.143032,0.114255,10
2024-01-31,EqualWeight,-0.001147,-0.013674,0.121113,6
2024-01-31,SentimentOnly,0.027767,0.389106,0.095617,10
2024-02-29,Ridge,0.040713,0.614246,0.117323,10
2024-02-29,LASSO,0.017099,0.225627,0.135301,10
2024-02-29,RandomForest,-0.004373,-0.05123,0.146315,10
2024-02-29,GradientBoosting,0.000527,0.006343,0.127583,10
2024-02-29,MLP,-0.011525,-0.129859,0.137778,10
2024-02-29,Ensemble,0.002102,0.025517,0.128777,10
2024-02-29,EqualWeight,-0.002439,-0.028873,0.189194,6
2024-02-29,SentimentOnly,0.012572,0.161742,0.140052,10
2024-03-31,Ridge,0.002021,0.024523,0.095161,10
2024-03-31,LASSO,0.00089,0.010732,0.083336,18
2024-03-31,RandomForest,-0.013937,-0.155,0.087981,10
2024-03-31,GradientBoosting,-0.02152,-0.229766,0.079751,10
2024-03-31,MLP,0.014636,0.190487,0.090607,10
2024-03-31,Ensemble,-0.000499,-0.005968,0.096662,10
2024-03-31,EqualWeight,0.008956,0.112932,0.112642,6
2024-03-31,SentimentOnly,0.012729,0.163904,0.090261,10
2024-04-30,Ridge,0.031061,0.443477,0.094151,10
2024-04-30,LASSO,0.022979,0.313411,0.091047,18
2024-04-30,RandomForest,0.041021,0.619996,0.089509,10
2024-04-30,GradientBoosting,0.037038,0.547163,0.096765,10
2024-04-30,MLP,0.034331,0.499394,0.10265,10
2024-04-30,Ensemble,0.038031,0.565039,0.090456,10
2024-04-30,EqualWeight,0.000207,0.002482,0.127772,6
2024-04-30,SentimentOnly,0.017908,0.237376,0.102672,11
2024-05-31,Ridge,0.079321,1.499248,0.274032,10
2024-05-31,LASSO,0.06886,1.223555,0.300944,18
2024-05-31,RandomForest,0.056262,0.928686,0.253668,10
2024-05-31,GradientBoosting,0.061294,1.041876,0.278134,10
2024-05-31,MLP,0.071371,1.287056,0.29693,10
2024-05-31,Ensemble,0.06501,1.129328,0.27547,10
2024-05-31,EqualWeight,0.066237,1.15896,0.445396,6
2024-05-31,SentimentOnly,0.049523,0.786093,0.315541,10
2024-06-30,Ridge,0.058699,0.982766,0.111536,10
2024-06-30,LASSO,0.035407,0.518223,0.099535,15
2024-06-30,RandomForest,0.035468,0.51929,0.115355,10
2024-06-30,GradientBoosting,0.033296,0.481489,0.118398,10
2024-06-30,MLP,0.026928,0.375554,0.085833,10
2024-06-30,Ensemble,0.040025,0.601502,0.10887,10
2024-06-30,EqualWeight,0.058624,0.981078,0.138867,6
2024-06-30,SentimentOnly,0.059436,0.999384,0.108527,10
2024-07-31,Ridge,0.032767,0.472414,0.159701,10
2024-07-31,LASSO,0.017713,0.234534,0.136922,18
2024-07-31,RandomForest,0.003974,0.048749,0.176603,10
2024-07-31,GradientBoosting,0.016473,0.21661,0.15601,10
2024-07-31,MLP,0.001937,0.023494,0.148203,10
2024-07-31,Ensemble,0.001937,0.023494,0.148203,10
2024-07-31,EqualWeight,0.025208,0.348174,0.138168,6
2024-07-31,SentimentOnly,0.031385,0.448937,0.142382,10
2024-08-31,Ridge,0.032193,0.462612,0.153431,10
2024-08-31,LASSO,0.020095,0.269666,0.132025,18
2024-08-31,RandomForest,0.033592,0.486588,0.152949,10
2024-08-31,GradientBoosting,0.029742,0.421487,0.139351,10
2024-08-31,MLP,0.028685,0.404073,0.141048,10
2024-08-31,Ensemble,0.043188,0.66093,0.145977,10
2024-08-31,EqualWeight,0.018365,0.244054,0.157647,6
2024-08-31,SentimentOnly,0.018857,0.25129,0.142041,10
2024-09-30,Ridge,-0.075553,-0.610429,0.143594,10
2024-09-30,LASSO,-0.075509,-0.610211,0.107708,18
2024-09-30,RandomForest,-0.079823,-0.631486,0.147693,10
2024-09-30,GradientBoosting,-0.098823,-0.713106,0.138993,10
2024-09-30,MLP,-0.094143,-0.694708,0.123677,10
2024-09-30,Ensemble,-0.092045,-0.686115,0.130097,10
2024-09-30,EqualWeight,-0.098347,-0.711284,0.100757,6
2024-09-30,SentimentOnly,-0.062067,-0.53649,0.094576,11
2024-10-31,Ridge,-0.047392,-0.441569,0.176946,10
2024-10-31,LASSO,-0.041985,-0.402319,0.146548,18
2024-10-31,RandomForest,-0.062544,-0.539308,0.175076,10
2024-10-31,GradientBoosting,-0.060267,-0.525697,0.170547,10
2024-10-31,MLP,-0.030526,-0.310656,0.154965,10
2024-10-31,Ensemble,-0.021907,-0.23341,0.147882,10
2024-10-31,EqualWeight,-0.104457,-0.733904,0.230004,6
2024-10-31,SentimentOnly,-0.025867,-0.269838,0.163817,10
2024-11-30,Ridge,-0.013338,-0.148822,0.114542,10
2024-11-30,LASSO,-0.012985,-0.145159,0.104723,10
2024-11-30,RandomForest,-0.030389,-0.309489,0.108253,10
2024-11-30,GradientBoosting,-0.030389,-0.309489,0.108253,10
2024-11-30,MLP,-0.012681,-0.141998,0.100029,10
2024-11-30,Ensemble,-0.044947,-0.424124,0.097711,10
2024-11-30,EqualWeight,-0.042871,-0.408919,0.12613,6
2024-11-30,SentimentOnly,-0.009569,-0.10897,0.087917,10
